Workbook

Sheet Vendor Intake Form
A1: Third-Party Vendor Risk Assessment — Intake Form
A2: Prepared by: Babatunde Salako | Cloud Security Engineer | Security+ | Version 1.0
A3: SECTION 1 — Vendor Profile
A4: Vendor Name: | B4: [Enter] | C4: Assessment Date: | D4: [Enter]
A5: Primary Contact: | B5: [Enter] | C5: Contact Email: | D5: [Enter]
A6: Service / Product: | B6: [Enter] | C6: Contract Term: | D6: [Enter]
A7: Vendor Website: | B7: [Enter] | C7: Existing Vendor? | D7: Yes / No
A9: SECTION 2 — Data and System Access
A10: Data Types Accessed: | B10: [Enter — e.g. PII, financial, internal] | C10: Production Access? | D10: Yes / No
A11: Network Access Required? | B11: Yes / No | C11: Data Residency: | D11: [Enter country / region]
A12: Sub-processors Used? | B12: Yes / No | C12: Sub-processor List Available? | D12: Yes / No
A14: SECTION 3 — Initial Risk Tier (Complete Before Full Assessment)
A15: Risk Factor | B15: Criteria | C15: Tier 1 — Critical | D15: Tier 2 — High | E15: Tier 3 — Medium | F15: Tier 4 — Low | G15: Assigned Tier
A16: Data Sensitivity | B16: What type of data does the vendor access or process? | C16: Regulated data (PII, PHI, financial) | D16: Confidential internal data | E16: Internal non-sensitive data | F16: Public data only | G16: [Select: 1/2/3/4]
A17: System Access | B17: Does the vendor have direct access to production systems or networks? | C17: Direct prod system + network access | D17: Read-only prod access | E17: Non-prod / staging access only | F17: No system access | G17: [Select: 1/2/3/4]
A18: Business Criticality | B18: How critical is this vendor to business operations? | C18: Single point of failure / no alternative | D18: High dependency, alternatives exist | E18: Moderate dependency | F18: Low / easily replaceable | G18: [Select: 1/2/3/4]
A19: Data Volume | B19: Volume of records the vendor processes or stores? | C19: 100,000+ records | D19: 10,000 – 99,999 records | E19: 1,000 – 9,999 records | F19: Under 1,000 records | G19: [Select: 1/2/3/4]
A20: Regulatory Scope | B20: Is the vendor in scope for a compliance framework? | C20: In scope for SOC 2, HIPAA, PCI DSS | D20: In scope for GDPR / CCPA | E20: Contractual obligations only | F20: No regulatory scope | G20: [Select: 1/2/3/4]
A22: SECTION 4 — Tier Summary and Approval Routing
A23: Highest Tier Assigned: | D23: [Auto-determined from Section 3 — enter manually]
A24: Assessment Depth Required: | D24: Tier 1: Full assessment | Tier 2: Standard | Tier 3: Lite | Tier 4: Self-attestation
A25: Assigned Reviewer: | D25: [Enter name]
A26: Target Completion Date: | D26: [Enter date]
A27: Approval Required From: | D27: Tier 1-2: CISO / Security Lead | Tier 3-4: Security Analyst

Sheet Control Assessment
A1: Third-Party Vendor Risk Assessment — Control Evaluation
A2: Each domain scored 1–5 per question. Score auto-calculates. Use Evidence column to document artifacts received.
A3: Scoring Guide: 5 = Fully implemented with evidence | 4 = Implemented, minor gaps | 3 = Partial implementation | 2 = Planned / in progress | 1 = Not implemented
A4: Domain | B4: Control Question | C4: Expected Evidence | D4: Response | E4: Score (1–5) | F4: Evidence Received | G4: Gaps / Notes | H4: Risk Rating | I4: Weight
A5: Access Control | B5: Does the vendor enforce MFA for all users with access to systems processing your data? | C5: MFA policy, SSO configuration screenshot or audit report | D5: Yes / No / Partial | H5: =IF(E5="","",IF(E5>=5,"Low",IF(E5>=4,"Low-Medium",IF(E5>=3,"Medium",IF(E5>=2,"High","Critical"))))) | I5: 1.0
A6: Access Control | B6: Does the vendor apply least-privilege access controls and conduct periodic access reviews? | C6: IAM policy documentation, access review records | D6: Yes / No / Partial | H6: =IF(E6="","",IF(E6>=5,"Low",IF(E6>=4,"Low-Medium",IF(E6>=3,"Medium",IF(E6>=2,"High","Critical"))))) | I6: 1.0
A7: Access Control | B7: Does the vendor have a formal user provisioning and de-provisioning process? | C7: Joiner/mover/leaver procedure, sample offboarding record | D7: Yes / No / Partial | H7: =IF(E7="","",IF(E7>=5,"Low",IF(E7>=4,"Low-Medium",IF(E7>=3,"Medium",IF(E7>=2,"High","Critical"))))) | I7: 1.0
A8: Access Control | B8: Is privileged (admin) access restricted, monitored, and logged? | C8: PAM policy, privileged access audit logs | D8: Yes / No / Partial | H8: =IF(E8="","",IF(E8>=5,"Low",IF(E8>=4,"Low-Medium",IF(E8>=3,"Medium",IF(E8>=2,"High","Critical"))))) | I8: 1.0
A9: Data Protection | B9: Is data encrypted at rest using industry-standard algorithms (AES-256 or equivalent)? | C9: Encryption policy, KMS or HSM configuration evidence | D9: Yes / No / Partial | H9: =IF(E9="","",IF(E9>=5,"Low",IF(E9>=4,"Low-Medium",IF(E9>=3,"Medium",IF(E9>=2,"High","Critical"))))) | I9: 1.0
A10: Data Protection | B10: Is data encrypted in transit (TLS 1.2 or higher)? | C10: TLS certificate scan, network policy documentation | D10: Yes / No / Partial | H10: =IF(E10="","",IF(E10>=5,"Low",IF(E10>=4,"Low-Medium",IF(E10>=3,"Medium",IF(E10>=2,"High","Critical"))))) | I10: 1.0
A11: Data Protection | B11: Does the vendor have a data retention and disposal policy? | C11: Retention policy document, secure disposal procedure | D11: Yes / No / Partial | H11: =IF(E11="","",IF(E11>=5,"Low",IF(E11>=4,"Low-Medium",IF(E11>=3,"Medium",IF(E11>=2,"High","Critical"))))) | I11: 1.0
A12: Data Protection | B12: Does the vendor maintain a data classification scheme? | C12: Data classification policy, data inventory excerpt | D12: Yes / No / Partial | H12: =IF(E12="","",IF(E12>=5,"Low",IF(E12>=4,"Low-Medium",IF(E12>=3,"Medium",IF(E12>=2,"High","Critical"))))) | I12: 1.0
A13: Vulnerability Mgmt | B13: Does the vendor have a documented vulnerability management program with defined SLAs? | C13: Vulnerability management policy, remediation SLA documentation | D13: Yes / No / Partial | H13: =IF(E13="","",IF(E13>=5,"Low",IF(E13>=4,"Low-Medium",IF(E13>=3,"Medium",IF(E13>=2,"High","Critical"))))) | I13: 1.0
A14: Vulnerability Mgmt | B14: Are vulnerability scans conducted on a regular schedule (internal and external)? | C14: Scan schedule, recent scan summary (redacted acceptable) | D14: Yes / No / Partial | H14: =IF(E14="","",IF(E14>=5,"Low",IF(E14>=4,"Low-Medium",IF(E14>=3,"Medium",IF(E14>=2,"High","Critical"))))) | I14: 1.0
A15: Vulnerability Mgmt | B15: Does the vendor conduct or commission annual penetration testing? | C15: Pentest executive summary or attestation letter | D15: Yes / No / Partial | H15: =IF(E15="","",IF(E15>=5,"Low",IF(E15>=4,"Low-Medium",IF(E15>=3,"Medium",IF(E15>=2,"High","Critical"))))) | I15: 1.0
A16: Vulnerability Mgmt | B16: Is patch management enforced with defined timelines for critical vulnerabilities? | C16: Patch management policy, patch compliance report | D16: Yes / No / Partial | H16: =IF(E16="","",IF(E16>=5,"Low",IF(E16>=4,"Low-Medium",IF(E16>=3,"Medium",IF(E16>=2,"High","Critical"))))) | I16: 1.0
... A30: Sub-processor Risk | B30: Does the vendor notify customers of material changes to sub-processors? | C30: Change notification policy or contract clause | D30: Yes / No | H30: =IF(E30="","",IF(E30>=5,"Low",IF(E30>=4,"Low-Medium",IF(E30>=3,"Medium",IF(E30>=2,"High","Critical"))))) | I30: 1.0

Sheet Scoring Summary
A1: Third-Party Vendor Risk Assessment — Scoring Summary
A2: Domain scores auto-calculate from Control Assessment sheet. Overall risk rating determines approval routing.
A4: Domain | B4: Controls in Domain | C4: Average Score | D4: Domain Risk Rating | E4: Recommended Action
A5: Access Control | B5: 4 | C5: =IFERROR(AVERAGE('Control Assessment'!E5:E8),"") | D5: =IF(C5="","Pending",IF(C5>=4.5,"Low",IF(C5>=3.5,"Low-Medium",IF(C5>=2.5,"Medium",IF(C5>=1.5,"High","Critical"))))) -> Pending | E5: =IF(D5="Pending","Score controls first",IF(D5="Low","Approve — monitor annually",IF(D5="Low-Medium","Approve — monitor semi-annually",IF(D5="Medium","Conditional approval — remediation plan required",IF(D5="High","Escalate to security lead — defer onboarding","Do not onboard — critical risk"))))) -> Score controls first
A6: Data Protection | B6: 4 | C6: =IFERROR(AVERAGE('Control Assessment'!E9:E12),"") | D6: =IF(C6="","Pending",IF(C6>=4.5,"Low",IF(C6>=3.5,"Low-Medium",IF(C6>=2.5,"Medium",IF(C6>=1.5,"High","Critical"))))) -> Pending | E6: =IF(D6="Pending","Score controls first",IF(D6="Low","Approve — monitor annually",IF(D6="Low-Medium","Approve — monitor semi-annually",IF(D6="Medium","Conditional approval — remediation plan required",IF(D6="High","Escalate to security lead — defer onboarding","Do not onboard — critical risk"))))) -> Score controls first
A7: Vulnerability Mgmt | B7: 4 | C7: =IFERROR(AVERAGE('Control Assessment'!E13:E16),"") | D7: =IF(C7="","Pending",IF(C7>=4.5,"Low",IF(C7>=3.5,"Low-Medium",IF(C7>=2.5,"Medium",IF(C7>=1.5,"High","Critical"))))) -> Pending | E7: =IF(D7="Pending","Score controls first",IF(D7="Low","Approve — monitor annually",IF(D7="Low-Medium","Approve — monitor semi-annually",IF(D7="Medium","Conditional approval — remediation plan required",IF(D7="High","Escalate to security lead — defer onboarding","Do not onboard — critical risk"))))) -> Score controls first
A8: Audit Logging | B8: 3 | C8: =IFERROR(AVERAGE('Control Assessment'!E17:E19),"") | D8: =IF(C8="","Pending",IF(C8>=4.5,"Low",IF(C8>=3.5,"Low-Medium",IF(C8>=2.5,"Medium",IF(C8>=1.5,"High","Critical"))))) -> Pending | E8: =IF(D8="Pending","Score controls first",IF(D8="Low","Approve — monitor annually",IF(D8="Low-Medium","Approve — monitor semi-annually",IF(D8="Medium","Conditional approval — remediation plan required",IF(D8="High","Escalate to security lead — defer onboarding","Do not onboard — critical risk"))))) -> Score controls first
A9: Incident Response | B9: 4 | C9: =IFERROR(AVERAGE('Control Assessment'!E20:E23),"") | D9: =IF(C9="","Pending",IF(C9>=4.5,"Low",IF(C9>=3.5,"Low-Medium",IF(C9>=2.5,"Medium",IF(C9>=1.5,"High","Critical"))))) -> Pending | E9: =IF(D9="Pending","Score controls first",IF(D9="Low","Approve — monitor annually",IF(D9="Low-Medium","Approve — monitor semi-annually",IF(D9="Medium","Conditional approval — remediation plan required",IF(D9="High","Escalate to security lead — defer onboarding","Do not onboard — critical risk"))))) -> Score controls first
A10: Compliance | B10: 4 | C10: =IFERROR(AVERAGE('Control Assessment'!E24:E27),"") | D10: =IF(C10="","Pending",IF(C10>=4.5,"Low",IF(C10>=3.5,"Low-Medium",IF(C10>=2.5,"Medium",IF(C10>=1.5,"High","Critical"))))) -> Pending | E10: =IF(D10="Pending","Score controls first",IF(D10="Low","Approve — monitor annually",IF(D10="Low-Medium","Approve — monitor semi-annually",IF(D10="Medium","Conditional approval — remediation plan required",IF(D10="High","Escalate to security lead — defer onboarding","Do not onboard — critical risk"))))) -> Score controls first
A11: Sub-processor Risk | B11: 3 | C11: =IFERROR(AVERAGE('Control Assessment'!E28:E30),"") | D11: =IF(C11="","Pending",IF(C11>=4.5,"Low",IF(C11>=3.5,"Low-Medium",IF(C11>=2.5,"Medium",IF(C11>=1.5,"High","Critical"))))) -> Pending | E11: =IF(D11="Pending","Score controls first",IF(D11="Low","Approve — monitor annually",IF(D11="Low-Medium","Approve — monitor semi-annually",IF(D11="Medium","Conditional approval — remediation plan required",IF(D11="High","Escalate to security lead — defer onboarding","Do not onboard — critical risk"))))) -> Score controls first
A12: OVERALL VENDOR RISK SCORE | C12: =IFERROR(AVERAGE(C5:C11),"") | D12: =IF(C12="","Pending",IF(C12>=4.5,"Low",IF(C12>=3.5,"Low-Medium",IF(C12>=2.5,"Medium",IF(C12>=1.5,"High","Critical"))))) -> Pending | E12: =IF(D12="Pending","Score all controls first",IF(D12="Low","Approve for onboarding",IF(D12="Low-Medium","Approve with annual review",IF(D12="Medium","Conditional — remediation plan required",IF(D12="High","Escalate — security lead sign-off required","Do not onboard — escalate immediately"))))) -> Score all controls first
A14: Reviewer Name: | C14: [Enter name]
A15: Review Date: | C15: [Enter date]
A16: Decision: | C16: Approved / Conditional / Rejected
A17: Approver Sign-off: | C17: [Enter name and title]
A18: Next Review Due: | C18: [Enter date — Tier 1: 6 months Tier 2: 12 months Tier 3: 18 months]

Sheet Risk Register
A1: Third-Party Vendor Risk Register
A2: Log identified risks, ownership, and remediation status. Update after each assessment cycle.
A3: Risk ID | B3: Vendor Name | C3: Domain | D3: Risk Description | E3: Inherent Risk | F3: Control Gap | G3: Residual Risk | H3: Owner | I3: Target Remediation Date
A4: VR-001 | B4: [Vendor Name] | C4: Access Control | E4: High | F4: MFA not enforced organization-wide; only selectively applied | G4: High | H4: [Owner] | I4: [Date]
A5: VR-002 | B5: [Vendor Name] | C5: Compliance | D5: Vendor SOC 2 Type 2 report is older than 12 months; bridge letter not provided | F5: No current assurance coverage for recent period | G5: Medium | H5: [Owner] | I5: [Date]
A6: VR-003 | B6: [Vendor Name] | C6: Data Protection | D6: Vendor cannot confirm encryption at rest for backup data | E6: High | G6: Medium | H6: [Owner] | I6: [Date]
A7: VR-004 | B7: [Vendor Name] | C7: Incident Response | D7: No defined customer notification SLA documented in contract or policy | E7: Medium | F7: Incident response plan exists but lacks customer comms clause | H7: [Owner] | I7: [Date]
A8: VR-005 | B8: [Vendor Name] | C8: Sub-processor Risk | D8: Vendor uses sub-processors but has not provided a complete list | E8: High | F8: Sub-processor inventory not maintained or disclosed | G8: High | I8: [Date]
